Family ID,Pokemon 1,Pokemon 2,Pokemon 3,Pokemon 4,Pokemon 5,Pokemon 6,Pokemon 7,Pokemon 8,Pokemon 9,Pokemon 10,Pokemon 11,Pokemon 12,Pokemon 13,Pokemon 14,Pokemon 15,Pokemon 16,Pokemon 17,Pokemon 18,Pokemon 19,Pokemon 20,Pokemon 21,Pokemon 22,Pokemon 23,Pokemon 24,Pokemon 25,Pokemon 26,Pokemon 27,Pokemon 28,Pokemon 29,Pokemon 30,Pokemon 31,Pokemon 32,Pokemon 33,Pokemon 34,Pokemon 35,Pokemon 36
1,Pokemon 1,Pokemon 2,Pokemon 3,Pokemon 4,Pokemon 5,Pokemon 6,Pokemon 7,Pokemon 8,Pokemon 9,Pokemon 10,Pokemon 11,Pokemon 12,Pokemon 13,Pokemon 14,Pokemon 15,Pokemon 16,Pokemon 17,Pokemon 18,Pokemon 19,Pokemon 20,Pokemon 21,Pokemon 22,Pokemon 23,Pokemon 24,Pokemon 25,Pokemon 26,Pokemon 27,Pokemon 28,Pokemon 29,Pokemon 30,,,,,,
2,MissingNo.,,,,,,,,,,,,,,,,,,,,,,,,,,,,,,,,,,,
3,Bulbasaur,Ivysaur,Gigantamax Venusaur,Mega Venusaur,Venusaur,Autumn Bulbasaur,,,,,,,,,,,,,,,,,,,,,,,,,,,,,,
4,Charmander,Charmeleon,Charizard,Gigantamax Charizard,Mega Charizard X,Mega Charizard Y,,,,,,,,,,,,,,,,,,,,,,,,,,,,,,
5,Squirtle,Wartortle,Blastoise,Gigantamax Blastoise,Mega Blastoise,,,,,,,,,,,,,,,,,,,,,,,,,,,,,,,
6,Caterpie,Metapod,Butterfree,Gigantamax Butterfree,,,,,,,,,,,,,,,,,,,,,,,,,,,,,,,,
7,Weedle,Kakuna,Beedrill,Mega Beedrill,Bug Catcher Weedle,,,,,,,,,,,,,,,,,,,,,,,,,,,,,,,
8,Pidgey,Pidgeotto,Mega Pidgeot,Pidgeot,Papel Picado Pidgey,,,,,,,,,,,,,,,,,,,,,,,,,,,,,,,
9,Alolan Rattata,Rattata,Alolan Raticate,Raticate,,,,,,,,,,,,,,,,,,,,,,,,,,,,,,,,
10,Spearow,Fearow,,,,,,,,,,,,,,,,,,,,,,,,,,,,,,,,,,
11,Ekans,Arbok,,,,,,,,,,,,,,,,,,,,,,,,,,,,,,,,,,
12,Gigantamax Pikachu,Partner Pikachu,Pikachu,Alolan Raichu,Raichu,Pichu,Spiky-eared Pichu,Alola Cap Pikachu,Hoenn Cap Pikachu,Kalos Cap Pikachu,Original Cap Pikachu,Partner Cap Pikachu,Pikachu Belle,Pikachu Libre,Pikachu Ph.D.,Pikachu Pop Star,Pikachu Rock Star,Sinnoh Cap Pikachu,Snowman Pikachu,Surf Pikachu,United Pikachu,Unova Cap Pikachu,Vampire Raichu,Ukulele Pichu,,,,,,,,,,,,
13,Alolan Sandshrew,Sandshrew,Alolan Sandslash,Sandslash,Sandshrew of the Sarcophagus,,,,,,,,,,,,,,,,,,,,,,,,,,,,,,,
14,Nidoran♀️,Nidorina,Nidoqueen,Valentine's Nidoran,,,,,,,,,,,,,,,,,,,,,,,,,,,,,,,,
15,Nidoran♂️,Nidorino,Nidoking,,,,,,,,,,,,,,,,,,,,,,,,,,,,,,,,,
16,Clefairy,Clefable,Cleffa,,,,,,,,,,,,,,,,,,,,,,,,,,,,,,,,,
17,Alolan Vulpix,Vulpix,Alolan Ninetales,Ninetales,Birthday Cake Alopix,Rudolph Vulpix,Halloween Alolan Ninetales,,,,,,,,,,,,,,,,,,,,,,,,,,,,,
18,Jigglypuff,Wigglytuff,Igglybuff,Devil Jigglypuff,Festive Igglybuff,,,,,,,,,,,,,,,,,,,,,,,,,,,,,,,
19,Zubat,Golbat,Crobat,,,,,,,,,,,,,,,,,,,,,,,,,,,,,,,,,
20,Oddish,Gloom,Vileplume,Bellossom,Sprouting Oddish,Music Box Bellossom,Pride Bellossom,,,,,,,,,,,,,,,,,,,,,,,,,,,,,
21,Paras,Parasect,Flower Paras,,,,,,,,,,,,,,,,,,,,,,,,,,,,,,,,,
22,Venonat,Venomoth,,,,,,,,,,,,,,,,,,,,,,,,,,,,,,,,,,
23,Alolan Diglett,Diglett,Alolan Dugtrio,Dugtrio,Angel Diglett,,,,,,,,,,,,,,,,,,,,,,,,,,,,,,,
24,Alolan Meowth,Galarian Meowth,Gigantamax Meowth,Meowth,Alolan Persian,Persian,Perrserker,Egg Painter Meowth,Cosy Perrserker,,,,,,,,,,,,,,,,,,,,,,,,,,,
25,Psyduck,Golduck,Frankenstein Psyduck,,,,,,,,,,,,,,,,,,,,,,,,,,,,,,,,,
26,Mankey,Primeape,Annihilape,,,,,,,,,,,,,,,,,,,,,,,,,,,,,,,,,
27,Growlithe,Hisuian Growlithe,Arcanine,Hisuian Arcanine,,,,,,,,,,,,,,,,,,,,,,,,,,,,,,,,
28,Poliwag,Poliwhirl,Poliwrath,Politoed,,,,,,,,,,,,,,,,,,,,,,,,,,,,,,,,
29,Abra,Kadabra,Alakazam,Mega Alakazam,,,,,,,,,,,,,,,,,,,,,,,,,,,,,,,,
30,Machop,Machoke,Gigantamax Machamp,Machamp,,,,,,,,,,,,,,,,,,,,,,,,,,,,,,,,
31,Bellsprout,Weepinbell,Victreebel,,,,,,,,,,,,,,,,,,,,,,,,,,,,,,,,,
32,Tentacool,Tentacruel,,,,,,,,,,,,,,,,,,,,,,,,,,,,,,,,,,
33,Alolan Geodude,Geodude,Alolan Graveler,Graveler,Alolan Golem,Golem,,,,,,,,,,,,,,,,,,,,,,,,,,,,,,
34,Galarian Ponyta,Ponyta,Galarian Rapidash,Rapidash,Elsa Galarian Ponyta,Autumn Rapidash,,,,,,,,,,,,,,,,,,,,,,,,,,,,,,
35,Galarian Slowpoke,Slowpoke,Galarian Slowbro,Mega Slowbro,Slowbro,Galarian Slowking,Slowking,Snowy Slowpoke,,,,,,,,,,,,,,,,,,,,,,,,,,,,
36,Magnemite,Magneton,Magnezone,Eggneton,,,,,,,,,,,,,,,,,,,,,,,,,,,,,,,,
37,Farfetch'd,Galarian Farfetch'd,Sirfetch'd,Festive Farfetch'd,Umbrella Farfetch'd,Nutcrack Sirfetch'd,,,,,,,,,,,,,,,,,,,,,,,,,,,,,,
38,Doduo,Dodrio,,,,,,,,,,,,,,,,,,,,,,,,,,,,,,,,,,
39,Seel,Dewgong,,,,,,,,,,,,,,,,,,,,,,,,,,,,,,,,,,
40,Alolan Grimer,Grimer,Alolan Muk,Muk,Cube Slime Grimer,,,,,,,,,,,,,,,,,,,,,,,,,,,,,,,
41,Shellder,Cloyster,,,,,,,,,,,,,,,,,,,,,,,,,,,,,,,,,,
42,Gastly,Haunter,Gengar,Gigantamax Gengar,Mega Gengar,Snowball Gastly,,,,,,,,,,,,,,,,,,,,,,,,,,,,,,
43,Onix,Mega Steelix,Steelix,,,,,,,,,,,,,,,,,,,,,,,,,,,,,,,,,
44,Drowzee,Hypno,,,,,,,,,,,,,,,,,,,,,,,,,,,,,,,,,,
45,Krabby,Gigantamax Kingler,Kingler,,,,,,,,,,,,,,,,,,,,,,,,,,,,,,,,,
46,Hisuian Voltorb,Voltorb,Electrode,Hisuian Electrode,,,,,,,,,,,,,,,,,,,,,,,,,,,,,,,,
47,Exeggcute,Alolan Exeggutor,Exeggutor,Celebrating Alolan Exeggutor ft. Komala,,,,,,,,,,,,,,,,,,,,,,,,,,,,,,,,
48,Cubone,Alolan Marowak,Marowak,Festive Cubone,Candy Cane Marowak,,,,,,,,,,,,,,,,,,,,,,,,,,,,,,,
49,Hitmonlee,Hitmonchan,Tyrogue,Hitmontop,,,,,,,,,,,,,,,,,,,,,,,,,,,,,,,,
50,Lickitung,Lickilicky,,,,,,,,,,,,,,,,,,,,,,,,,,,,,,,,,,
51,Koffing,Galarian Weezing,Weezing,,,,,,,,,,,,,,,,,,,,,,,,,,,,,,,,,
52,Rhyhorn,Rhydon,Rhyperior,,,,,,,,,,,,,,,,,,,,,,,,,,,,,,,,,
53,Chansey,Blissey,Happiny,,,,,,,,,,,,,,,,,,,,,,,,,,,,,,,,,
54,Tangela,Tangrowth,Pasta Bolognese Tangela,,,,,,,,,,,,,,,,,,,,,,,,,,,,,,,,,
55,Kangaskhan,Mega Kangaskhan,Egg Hunter Kangaskhan,,,,,,,,,,,,,,,,,,,,,,,,,,,,,,,,,
56,Horsea,Seadra,Kingdra,,,,,,,,,,,,,,,,,,,,,,,,,,,,,,,,,
57,Goldeen,Seaking,,,,,,,,,,,,,,,,,,,,,,,,,,,,,,,,,,
58,Staryu,Starmie,,,,,,,,,,,,,,,,,,,,,,,,,,,,,,,,,,
59,Galarian Mr. Mime,Mr. Mime,Mime Jr.,Mr. Rime,,,,,,,,,,,,,,,,,,,,,,,,,,,,,,,,
60,Scyther,Mega Scizor,Scizor,Kleavor,,,,,,,,,,,,,,,,,,,,,,,,,,,,,,,,
61,Jynx,Smoochum,Mrs. Claus Jynx,,,,,,,,,,,,,,,,,,,,,,,,,,,,,,,,,
62,Electabuzz,Elekid,Electivire,,,,,,,,,,,,,,,,,,,,,,,,,,,,,,,,,
63,Magmar,Magby,Magmortar,,,,,,,,,,,,,,,,,,,,,,,,,,,,,,,,,
64,Mega Pinsir,Pinsir,,,,,,,,,,,,,,,,,,,,,,,,,,,,,,,,,,
65,Aqua Breed Tauros,Blaze Breed Tauros,Combat Breed Tauros,Tauros,,,,,,,,,,,,,,,,,,,,,,,,,,,,,,,,
66,Magikarp,Gyarados,Mega Gyarados,,,,,,,,,,,,,,,,,,,,,,,,,,,,,,,,,
67,Gigantamax Lapras,Lapras,Anniversary Lapras,Egg Nest Lapras,,,,,,,,,,,,,,,,,,,,,,,,,,,,,,,,
68,Ditto,Cracked Ditto,,,,,,,,,,,,,,,,,,,,,,,,,,,,,,,,,,
69,Eevee,Gigantamax Eevee,Partner Eevee,Vaporeon,Jolteon,Flareon,Espeon,Umbreon,Leafeon,Glaceon,Sylveon,Autumn Eevee,Autumn Leafeon,Snowglobe Glaceon,Pride Sylveon,Sylvirus,,,,,,,,,,,,,,,,,,,,
70,Porygon,Porygon2,Porygon-Z,Porygon-X,,,,,,,,,,,,,,,,,,,,,,,,,,,,,,,,
71,Omanyte,Omastar,,,,,,,,,,,,,,,,,,,,,,,,,,,,,,,,,,
72,Kabuto,Kabutops,,,,,,,,,,,,,,,,,,,,,,,,,,,,,,,,,,
73,Aerodactyl,Mega Aerodactyl,,,,,,,,,,,,,,,,,,,,,,,,,,,,,,,,,,
74,Gigantamax Snorlax,Snorlax,Munchlax,Grilling Snorlax,Santa Snorlax,,,,,,,,,,,,,,,,,,,,,,,,,,,,,,,
75,Articuno,Galarian Articuno,,,,,,,,,,,,,,,,,,,,,,,,,,,,,,,,,,
76,Galarian Zapdos,Zapdos,,,,,,,,,,,,,,,,,,,,,,,,,,,,,,,,,,
77,Galarian Moltres,Moltres,Olympic Flame Moltres,,,,,,,,,,,,,,,,,,,,,,,,,,,,,,,,,
78,Dratini,Dragonair,Dragonite,Martini Dratini,Conductor Dragonite,Guardian Dragonite,,,,,,,,,,,,,,,,,,,,,,,,,,,,,,
79,Mega Mewtwo X,Mega Mewtwo Y,Mewtwo,Shadow Mewtwo,,,,,,,,,,,,,,,,,,,,,,,,,,,,,,,,
80,Mew,Lights Mew,Pride Mew,,,,,,,,,,,,,,,,,,,,,,,,,,,,,,,,,
81,Chikorita,Bayleef,Meganium,Autumn Chikorita,Shamrock Meganium,,,,,,,,,,,,,,,,,,,,,,,,,,,,,,,
82,Cyndaquil,Quilava,Hisuian Typhlosion,Typhlosion,Spikey Cyndaquil,,,,,,,,,,,,,,,,,,,,,,,,,,,,,,,
83,Totodile,Croconaw,Feraligatr,Sharkfin Totodile,,,,,,,,,,,,,,,,,,,,,,,,,,,,,,,,
84,Sentret,Furret,Archery Sentret,,,,,,,,,,,,,,,,,,,,,,,,,,,,,,,,,
85,Hoothoot,Noctowl,,,,,,,,,,,,,,,,,,,,,,,,,,,,,,,,,,
86,Ledyba,Ledian,Harvesting Ledian,,,,,,,,,,,,,,,,,,,,,,,,,,,,,,,,,
87,Spinarak,Ariados,,,,,,,,,,,,,,,,,,,,,,,,,,,,,,,,,,
88,Chinchou,Lanturn,,,,,,,,,,,,,,,,,,,,,,,,,,,,,,,,,,
89,Togepi,Togetic,Togekiss,Pumpkin Togepi,,,,,,,,,,,,,,,,,,,,,,,,,,,,,,,,
90,Natu,Xatu,,,,,,,,,,,,,,,,,,,,,,,,,,,,,,,,,,
91,Mareep,Flaaffy,Ampharos,Mega Ampharos,Christmas Mareep,Pride Ampharos,,,,,,,,,,,,,,,,,,,,,,,,,,,,,,
92,Marill,Azumarill,Azurill,Easter Egg Azurill,,,,,,,,,,,,,,,,,,,,,,,,,,,,,,,,
93,Sudowoodo,Bonsly,Festive Sudowoodo,,,,,,,,,,,,,,,,,,,,,,,,,,,,,,,,,
94,Hoppip,Skiploom,Jumpluff,,,,,,,,,,,,,,,,,,,,,,,,,,,,,,,,,
95,Aipom,Ambipom,,,,,,,,,,,,,,,,,,,,,,,,,,,,,,,,,,
96,Sunkern,Sunflora,Anniversary Sunflora,,,,,,,,,,,,,,,,,,,,,,,,,,,,,,,,,
97,Yanma,Yanmega,,,,,,,,,,,,,,,,,,,,,,,,,,,,,,,,,,
98,Paldean Wooper,Wooper,Quagsire,Clodsire,Devil Wooper,Skater Wooper,Camp Leader Quagsire,,,,,,,,,,,,,,,,,,,,,,,,,,,,,
99,Murkrow,Honchkrow,Festive Murkrow,,,,,,,,,,,,,,,,,,,,,,,,,,,,,,,,,
100,Misdreavus,Mismagius,,,,,,,,,,,,,,,,,,,,,,,,,,,,,,,,,,
101,Unown A, Unown B, Unown C, Unown D, Unown E, Unown G, Unown H, Unown I, Unown J, Unown K, Unown L, Unown M, Unown N, Unown O, Unown P, Unown Q, Unown R, Unown S, Unown T, Unown, Unown Exclamation, Unown Question, Pride Unown, Unown U, Unown V, Unown W, Unown X, Unown Y, Unown Z,,,,,,,
102,Unown A,,,,,,,,,,,,,,,,,,,,,,,,,,,,,,,,,,,
103,Unown B,,,,,,,,,,,,,,,,,,,,,,,,,,,,,,,,,,,
104,Unown C,,,,,,,,,,,,,,,,,,,,,,,,,,,,,,,,,,,
105,Unown D,,,,,,,,,,,,,,,,,,,,,,,,,,,,,,,,,,,
106,Unown E,,,,,,,,,,,,,,,,,,,,,,,,,,,,,,,,,,,
107,Unown Exclamation,,,,,,,,,,,,,,,,,,,,,,,,,,,,,,,,,,,
108,Unown G,,,,,,,,,,,,,,,,,,,,,,,,,,,,,,,,,,,
109,Unown H,,,,,,,,,,,,,,,,,,,,,,,,,,,,,,,,,,,
110,Unown I,,,,,,,,,,,,,,,,,,,,,,,,,,,,,,,,,,,
111,Unown J,,,,,,,,,,,,,,,,,,,,,,,,,,,,,,,,,,,
112,Unown K,,,,,,,,,,,,,,,,,,,,,,,,,,,,,,,,,,,
113,Unown L,,,,,,,,,,,,,,,,,,,,,,,,,,,,,,,,,,,
114,Unown M,,,,,,,,,,,,,,,,,,,,,,,,,,,,,,,,,,,
115,Unown N,,,,,,,,,,,,,,,,,,,,,,,,,,,,,,,,,,,
116,Unown O,,,,,,,,,,,,,,,,,,,,,,,,,,,,,,,,,,,
117,Unown P,,,,,,,,,,,,,,,,,,,,,,,,,,,,,,,,,,,
118,Unown Q,,,,,,,,,,,,,,,,,,,,,,,,,,,,,,,,,,,
119,Unown Question,,,,,,,,,,,,,,,,,,,,,,,,,,,,,,,,,,,
120,Unown R,,,,,,,,,,,,,,,,,,,,,,,,,,,,,,,,,,,
121,Unown S,,,,,,,,,,,,,,,,,,,,,,,,,,,,,,,,,,,
122,Unown T,,,,,,,,,,,,,,,,,,,,,,,,,,,,,,,,,,,
123,Unown U,,,,,,,,,,,,,,,,,,,,,,,,,,,,,,,,,,,
124,Unown V,,,,,,,,,,,,,,,,,,,,,,,,,,,,,,,,,,,
125,Unown W,,,,,,,,,,,,,,,,,,,,,,,,,,,,,,,,,,,
126,Unown X,,,,,,,,,,,,,,,,,,,,,,,,,,,,,,,,,,,
127,Unown Y,,,,,,,,,,,,,,,,,,,,,,,,,,,,,,,,,,,
128,Unown Z,,,,,,,,,,,,,,,,,,,,,,,,,,,,,,,,,,,
129,Wobbuffet,Wynaut,,,,,,,,,,,,,,,,,,,,,,,,,,,,,,,,,,
130,Girafarig,Farigiraf,,,,,,,,,,,,,,,,,,,,,,,,,,,,,,,,,,
131,Pineco,Forretress,,,,,,,,,,,,,,,,,,,,,,,,,,,,,,,,,,
132,Dunsparce,Dudunsparce,Three-Segment Dudunsparce,,,,,,,,,,,,,,,,,,,,,,,,,,,,,,,,,
133,Gligar,Gliscor,,,,,,,,,,,,,,,,,,,,,,,,,,,,,,,,,,
134,Snubbull,Granbull,,,,,,,,,,,,,,,,,,,,,,,,,,,,,,,,,,
135,Hisuian Qwilfish,Qwilfish,Overqwil,,,,,,,,,,,,,,,,,,,,,,,,,,,,,,,,,
136,Shuckle,,,,,,,,,,,,,,,,,,,,,,,,,,,,,,,,,,,
137,Heracross,Mega Heracross,,,,,,,,,,,,,,,,,,,,,,,,,,,,,,,,,,
138,Hisuian Sneasel,Sneasel,Weavile,Sneasler,Sage of Shadows,Snow Leopard Sneasler,,,,,,,,,,,,,,,,,,,,,,,,,,,,,,
139,Teddiursa,Ursaring,Ursaluna,Bloodmoon Ursaluna,Sweater Teddiursa,Barbarian Bloodmoon Ursaluna,,,,,,,,,,,,,,,,,,,,,,,,,,,,,,
140,Slugma,Magcargo,,,,,,,,,,,,,,,,,,,,,,,,,,,,,,,,,,
141,Swinub,Piloswine,Mamoswine,,,,,,,,,,,,,,,,,,,,,,,,,,,,,,,,,
142,Corsola,Galarian Corsola,Cursola,,,,,,,,,,,,,,,,,,,,,,,,,,,,,,,,,
143,Remoraid,Octillery,,,,,,,,,,,,,,,,,,,,,,,,,,,,,,,,,,
144,Delibird,Santa Delibird,,,,,,,,,,,,,,,,,,,,,,,,,,,,,,,,,,
145,Mantine,Mantyke,,,,,,,,,,,,,,,,,,,,,,,,,,,,,,,,,,
146,Skarmory,,,,,,,,,,,,,,,,,,,,,,,,,,,,,,,,,,,
147,Houndour,Houndoom,Mega Houndoom,,,,,,,,,,,,,,,,,,,,,,,,,,,,,,,,,
148,Phanpy,Donphan,,,,,,,,,,,,,,,,,,,,,,,,,,,,,,,,,,
149,Stantler,Wyrdeer,,,,,,,,,,,,,,,,,,,,,,,,,,,,,,,,,,
150,Smeargle,Fishing Smeargle ft. Magikarp,,,,,,,,,,,,,,,,,,,,,,,,,,,,,,,,,,
151,Miltank,Festive Miltank,,,,,,,,,,,,,,,,,,,,,,,,,,,,,,,,,,
152,Raikou,,,,,,,,,,,,,,,,,,,,,,,,,,,,,,,,,,,
153,Entei,,,,,,,,,,,,,,,,,,,,,,,,,,,,,,,,,,,
154,Suicune,,,,,,,,,,,,,,,,,,,,,,,,,,,,,,,,,,,
155,Larvitar,Pupitar,Mega Tyranitar,Tyranitar,,,,,,,,,,,,,,,,,,,,,,,,,,,,,,,,
156,Lugia,Shadow Lugia,,,,,,,,,,,,,,,,,,,,,,,,,,,,,,,,,,
157,Ho-Oh,,,,,,,,,,,,,,,,,,,,,,,,,,,,,,,,,,,
158,Celebi,,,,,,,,,,,,,,,,,,,,,,,,,,,,,,,,,,,
159,Treecko,Grovyle,Mega Sceptile,Sceptile,,,,,,,,,,,,,,,,,,,,,,,,,,,,,,,,
160,Torchic,Combusken,Blaziken,Mega Blaziken,Festive Torchic,Chicombusken,,,,,,,,,,,,,,,,,,,,,,,,,,,,,,
161,Mudkip,Marshtomp,Mega Swampert,Swampert,Moon Fairy Mudkip,,,,,,,,,,,,,,,,,,,,,,,,,,,,,,,
162,Poochyena,Mightyena,Evil Mightyena,,,,,,,,,,,,,,,,,,,,,,,,,,,,,,,,,
163,Galarian Zigzagoon,Zigzagoon,Galarian Linoone,Linoone,Obstagoon,Pride Zigzagoon,,,,,,,,,,,,,,,,,,,,,,,,,,,,,,
164,Wurmple,Silcoon,Beautifly,Cascoon,Dustox,Hatching Beautifly,,,,,,,,,,,,,,,,,,,,,,,,,,,,,,
165,Lotad,Lombre,Ludicolo,Sombrero Lotad,,,,,,,,,,,,,,,,,,,,,,,,,,,,,,,,
166,Seedot,Nuzleaf,Shiftry,Bird Nest Nuzleaf,,,,,,,,,,,,,,,,,,,,,,,,,,,,,,,,
167,Taillow,Swellow,,,,,,,,,,,,,,,,,,,,,,,,,,,,,,,,,,
168,Wingull,Pelipper,,,,,,,,,,,,,,,,,,,,,,,,,,,,,,,,,,
169,Ralts,Kirlia,Gardevoir,Mega Gardevoir,Gallade,Mega Gallade,Ice Princess Kirlia,Festive Gardevoir,Pride Gardevoir & Delphox,Festive Gallade,,,,,,,,,,,,,,,,,,,,,,,,,,
170,Surskit,Masquerain,Pride Masquerain,,,,,,,,,,,,,,,,,,,,,,,,,,,,,,,,,
171,Shroomish,Breloom,Sage of Foliage,,,,,,,,,,,,,,,,,,,,,,,,,,,,,,,,,
172,Slakoth,Vigoroth,Slaking,,,,,,,,,,,,,,,,,,,,,,,,,,,,,,,,,
173,Nincada,Ninjask,Shedinja,,,,,,,,,,,,,,,,,,,,,,,,,,,,,,,,,
174,Whismur,Loudred,Exploud,,,,,,,,,,,,,,,,,,,,,,,,,,,,,,,,,
175,Makuhita,Hariyama,,,,,,,,,,,,,,,,,,,,,,,,,,,,,,,,,,
176,Nosepass,Probopass,,,,,,,,,,,,,,,,,,,,,,,,,,,,,,,,,,
177,Skitty,Delcatty,,,,,,,,,,,,,,,,,,,,,,,,,,,,,,,,,,
178,Mega Sableye,Sableye,,,,,,,,,,,,,,,,,,,,,,,,,,,,,,,,,,
179,Mawile,Mega Mawile,Overgrown Mawile,,,,,,,,,,,,,,,,,,,,,,,,,,,,,,,,,
180,Aron,Lairon,Aggron,Mega Aggron,,,,,,,,,,,,,,,,,,,,,,,,,,,,,,,,
181,Meditite,Medicham,Mega Medicham,,,,,,,,,,,,,,,,,,,,,,,,,,,,,,,,,
182,Electrike,Manectric,Mega Manectric,,,,,,,,,,,,,,,,,,,,,,,,,,,,,,,,,
183,Plusle,Pyjama Plusle & Minun,,,,,,,,,,,,,,,,,,,,,,,,,,,,,,,,,,
184,Minun,,,,,,,,,,,,,,,,,,,,,,,,,,,,,,,,,,,
185,Volbeat,,,,,,,,,,,,,,,,,,,,,,,,,,,,,,,,,,,
186,Illumise,,,,,,,,,,,,,,,,,,,,,,,,,,,,,,,,,,,
187,Roselia,Budew,Roserade,Pride Roserade,,,,,,,,,,,,,,,,,,,,,,,,,,,,,,,,
188,Gulpin,Swalot,Temaki Gulpin,Pile of Leaves Swalot,,,,,,,,,,,,,,,,,,,,,,,,,,,,,,,,
189,Carvanha,Mega Sharpedo,Sharpedo,,,,,,,,,,,,,,,,,,,,,,,,,,,,,,,,,
190,Wailmer,Wailord,,,,,,,,,,,,,,,,,,,,,,,,,,,,,,,,,,
191,Numel,Camerupt,Mega Camerupt,,,,,,,,,,,,,,,,,,,,,,,,,,,,,,,,,
192,Torkoal,,,,,,,,,,,,,,,,,,,,,,,,,,,,,,,,,,,
193,Spoink,Grumpig,Ornaments Spoink,,,,,,,,,,,,,,,,,,,,,,,,,,,,,,,,,
194,Spinda,Voodoo Spinda,,,,,,,,,,,,,,,,,,,,,,,,,,,,,,,,,,
195,Trapinch,Vibrava,Flygon,,,,,,,,,,,,,,,,,,,,,,,,,,,,,,,,,
196,Cacnea,Cacturne,,,,,,,,,,,,,,,,,,,,,,,,,,,,,,,,,,
197,Swablu,Altaria,Mega Altaria,,,,,,,,,,,,,,,,,,,,,,,,,,,,,,,,,
198,Zangoose,,,,,,,,,,,,,,,,,,,,,,,,,,,,,,,,,,,
199,Seviper,,,,,,,,,,,,,,,,,,,,,,,,,,,,,,,,,,,
200,Lunatone,,,,,,,,,,,,,,,,,,,,,,,,,,,,,,,,,,,
201,Solrock,Soluna,,,,,,,,,,,,,,,,,,,,,,,,,,,,,,,,,,
202,Barboach,Whiscash,,,,,,,,,,,,,,,,,,,,,,,,,,,,,,,,,,
203,Corphish,Crawdaunt,,,,,,,,,,,,,,,,,,,,,,,,,,,,,,,,,,
204,Baltoy,Claydol,Leafy Baltoy,,,,,,,,,,,,,,,,,,,,,,,,,,,,,,,,,
205,Lileep,Cradily,,,,,,,,,,,,,,,,,,,,,,,,,,,,,,,,,,
206,Anorith,Armaldo,,,,,,,,,,,,,,,,,,,,,,,,,,,,,,,,,,
207,Feebas,Milotic,Pride Milotic,,,,,,,,,,,,,,,,,,,,,,,,,,,,,,,,,
208,Castform,Rainy Castform,Snowy Castform,Sunny Castform,,,,,,,,,,,,,,,,,,,,,,,,,,,,,,,,
209,Rainy Castform,,,,,,,,,,,,,,,,,,,,,,,,,,,,,,,,,,,
210,Snowy Castform,,,,,,,,,,,,,,,,,,,,,,,,,,,,,,,,,,,
211,Sunny Castform,,,,,,,,,,,,,,,,,,,,,,,,,,,,,,,,,,,
212,Kecleon,,,,,,,,,,,,,,,,,,,,,,,,,,,,,,,,,,,
213,Shuppet,Banette,Mega Banette,Banshee Banette,,,,,,,,,,,,,,,,,,,,,,,,,,,,,,,,
214,Duskull,Dusclops,Dusknoir,Sugar Duskull,,,,,,,,,,,,,,,,,,,,,,,,,,,,,,,,
215,Tropius,,,,,,,,,,,,,,,,,,,,,,,,,,,,,,,,,,,
216,Chimecho,Chingling,,,,,,,,,,,,,,,,,,,,,,,,,,,,,,,,,,
217,Absol,Mega Absol,,,,,,,,,,,,,,,,,,,,,,,,,,,,,,,,,,
218,Snorunt,Glalie,Mega Glalie,Froslass,Christmas Tree Snorunt,Tent Snorunt,,,,,,,,,,,,,,,,,,,,,,,,,,,,,,
219,Spheal,Sealeo,Walrein,Ice Cream Spheals,,,,,,,,,,,,,,,,,,,,,,,,,,,,,,,,
220,Clamperl,Huntail,Gorebyss,Clamacaron,,,,,,,,,,,,,,,,,,,,,,,,,,,,,,,,
221,Relicanth,,,,,,,,,,,,,,,,,,,,,,,,,,,,,,,,,,,
222,Luvdisc,,,,,,,,,,,,,,,,,,,,,,,,,,,,,,,,,,,
223,Bagon,Shelgon,Mega Salamence,Salamence,,,,,,,,,,,,,,,,,,,,,,,,,,,,,,,,
224,Beldum,Metang,Mega Metagross,Metagross,,,,,,,,,,,,,,,,,,,,,,,,,,,,,,,,
225,Regirock,,,,,,,,,,,,,,,,,,,,,,,,,,,,,,,,,,,
226,Regice,,,,,,,,,,,,,,,,,,,,,,,,,,,,,,,,,,,
227,Registeel,,,,,,,,,,,,,,,,,,,,,,,,,,,,,,,,,,,
228,Latias,Mega Latias,,,,,,,,,,,,,,,,,,,,,,,,,,,,,,,,,,
229,Latios,Mega Latios,,,,,,,,,,,,,,,,,,,,,,,,,,,,,,,,,,
230,Kyogre,Primal Kyogre,,,,,,,,,,,,,,,,,,,,,,,,,,,,,,,,,,
231,Groudon,Primal Groudon,,,,,,,,,,,,,,,,,,,,,,,,,,,,,,,,,,
232,Mega Rayquaza,Rayquaza,,,,,,,,,,,,,,,,,,,,,,,,,,,,,,,,,,
233,Jirachi,,,,,,,,,,,,,,,,,,,,,,,,,,,,,,,,,,,
234,Attack Deoxys,,,,,,,,,,,,,,,,,,,,,,,,,,,,,,,,,,,
235,Defense Deoxys,,,,,,,,,,,,,,,,,,,,,,,,,,,,,,,,,,,
236,Deoxys,Attack Deoxys,Defense Deoxys,Speed Deoxys,,,,,,,,,,,,,,,,,,,,,,,,,,,,,,,,
237,Speed Deoxys,,,,,,,,,,,,,,,,,,,,,,,,,,,,,,,,,,,
238,Turtwig,Grotle,Torterra,Autumn Turtwig,Treasure Turtwig,Autumn Grotle,Autumn Torterra,,,,,,,,,,,,,,,,,,,,,,,,,,,,,
239,Chimchar,Monferno,Infernape,,,,,,,,,,,,,,,,,,,,,,,,,,,,,,,,,
240,Piplup,Prinplup,Empoleon,Floatie Piplup,Pride Piplup,,,,,,,,,,,,,,,,,,,,,,,,,,,,,,,
241,Starly,Staravia,Staraptor,,,,,,,,,,,,,,,,,,,,,,,,,,,,,,,,,
242,Bidoof,Bibarel,Easter Bidoof,,,,,,,,,,,,,,,,,,,,,,,,,,,,,,,,,
243,Kricketot,Kricketune,Wizard Kricketune,,,,,,,,,,,,,,,,,,,,,,,,,,,,,,,,,
244,Shinx,Luxio,Luxray,,,,,,,,,,,,,,,,,,,,,,,,,,,,,,,,,
245,Cranidos,Rampardos,,,,,,,,,,,,,,,,,,,,,,,,,,,,,,,,,,
246,Shieldon,Bastiodon,,,,,,,,,,,,,,,,,,,,,,,,,,,,,,,,,,
247,Burmy,Sandy Burmy,Trash Burmy,Sandy Wormadam,Trash Wormadam,Wormadam,Mothim,Snowmadam,,,,,,,,,,,,,,,,,,,,,,,,,,,,
248,Combee,Vespiquen,,,,,,,,,,,,,,,,,,,,,,,,,,,,,,,,,,
249,Pachirisu,Lights Pachirisu,,,,,,,,,,,,,,,,,,,,,,,,,,,,,,,,,,
250,Buizel,Floatzel,Ranger Floatzel,,,,,,,,,,,,,,,,,,,,,,,,,,,,,,,,,
251,Cherubi,Cherrim,Sunshine Cherrim,Blossom Cherrim,,,,,,,,,,,,,,,,,,,,,,,,,,,,,,,,
252,East Sea Shellos,East Sea Gastrodon,,,,,,,,,,,,,,,,,,,,,,,,,,,,,,,,,,
253,Shellos,Gastrodon,East Sea Shellos,East Sea Gastrodon,,,,,,,,,,,,,,,,,,,,,,,,,,,,,,,,
254,Drifloon,Drifblim,Drifboy,,,,,,,,,,,,,,,,,,,,,,,,,,,,,,,,,
255,Buneary,Lopunny,Mega Lopunny,Egg Basket Buneary,Doll Lopunny,,,,,,,,,,,,,,,,,,,,,,,,,,,,,,,
256,Glameow,Purugly,,,,,,,,,,,,,,,,,,,,,,,,,,,,,,,,,,
257,Stunky,Skuntank,,,,,,,,,,,,,,,,,,,,,,,,,,,,,,,,,,
258,Bronzor,Bronzong,Snowflake Bronzor,,,,,,,,,,,,,,,,,,,,,,,,,,,,,,,,,
259,Chatot,,,,,,,,,,,,,,,,,,,,,,,,,,,,,,,,,,,
260,Spiritomb,,,,,,,,,,,,,,,,,,,,,,,,,,,,,,,,,,,
261,Gible,Gabite,Garchomp,Mega Garchomp,,,,,,,,,,,,,,,,,,,,,,,,,,,,,,,,
262,Riolu,Lucario,Mega Lucario,,,,,,,,,,,,,,,,,,,,,,,,,,,,,,,,,
263,Hippopotas,Hippowdon,,,,,,,,,,,,,,,,,,,,,,,,,,,,,,,,,,
264,Skorupi,Drapion,,,,,,,,,,,,,,,,,,,,,,,,,,,,,,,,,,
265,Croagunk,Toxicroak,Rogue Toxicroak,,,,,,,,,,,,,,,,,,,,,,,,,,,,,,,,,
266,Carnivine,Overgrown Carnivine,,,,,,,,,,,,,,,,,,,,,,,,,,,,,,,,,,
267,Finneon,Lumineon,,,,,,,,,,,,,,,,,,,,,,,,,,,,,,,,,,
268,Snover,Abomasnow,Mega Abomasnow,,,,,,,,,,,,,,,,,,,,,,,,,,,,,,,,,
269,Fan Rotom,Frost Rotom,Heat Rotom,Mow Rotom,Rotom,Rotom Drone,Rotom Phone,Rotom Pokédex,Wash Rotom,,,,,,,,,,,,,,,,,,,,,,,,,,,
270,Uxie,,,,,,,,,,,,,,,,,,,,,,,,,,,,,,,,,,,
271,Mesprit,,,,,,,,,,,,,,,,,,,,,,,,,,,,,,,,,,,
272,Azelf,,,,,,,,,,,,,,,,,,,,,,,,,,,,,,,,,,,
273,Dialga,Origin Dialga,,,,,,,,,,,,,,,,,,,,,,,,,,,,,,,,,,
274,Origin Palkia,Palkia,,,,,,,,,,,,,,,,,,,,,,,,,,,,,,,,,,
275,Heatran,,,,,,,,,,,,,,,,,,,,,,,,,,,,,,,,,,,
276,Regigigas,,,,,,,,,,,,,,,,,,,,,,,,,,,,,,,,,,,
277,Giratina,Origin Giratina,,,,,,,,,,,,,,,,,,,,,,,,,,,,,,,,,,
278,Cresselia,,,,,,,,,,,,,,,,,,,,,,,,,,,,,,,,,,,
279,Phione,,,,,,,,,,,,,,,,,,,,,,,,,,,,,,,,,,,
280,Manaphy,,,,,,,,,,,,,,,,,,,,,,,,,,,,,,,,,,,
281,Darkrai,Error Darkrai,,,,,,,,,,,,,,,,,,,,,,,,,,,,,,,,,,
282,Shaymin,Sky Shaymin,Bouquet Shaymin,,,,,,,,,,,,,,,,,,,,,,,,,,,,,,,,,
283,Arceus,Bug Arceus,Dark Arceus,Dragon Arceus,Electric Arceus,Fairy Arceus,Fighting Arceus,Fire Arceus,Flying Arceus,Ghost Arceus,Grass Arceus,Ground Arceus,Ice Arceus,Poison Arceus,Psychic Arceus,Rock Arceus,Steel Arceus,Water Arceus,Glitched Beta Arceus,Pride Arceus,,,,,,,,,,,,,,,,
284,Victini,,,,,,,,,,,,,,,,,,,,,,,,,,,,,,,,,,,
285,Snivy,Servine,Serperior,Autumn Snivy,Wooden Serperior,,,,,,,,,,,,,,,,,,,,,,,,,,,,,,,
286,Tepig,Pignite,Emboar,,,,,,,,,,,,,,,,,,,,,,,,,,,,,,,,,
287,Oshawott,Dewott,Hisuian Samurott,Samurott,,,,,,,,,,,,,,,,,,,,,,,,,,,,,,,,
288,Patrat,Watchog,,,,,,,,,,,,,,,,,,,,,,,,,,,,,,,,,,
289,Lillipup,Herdier,Stoutland,,,,,,,,,,,,,,,,,,,,,,,,,,,,,,,,,
290,Purrloin,Liepard,Bard Purrloin,,,,,,,,,,,,,,,,,,,,,,,,,,,,,,,,,
291,Pansage,Simisage,Autumn Pansage,,,,,,,,,,,,,,,,,,,,,,,,,,,,,,,,,
292,Pansear,Simisear,,,,,,,,,,,,,,,,,,,,,,,,,,,,,,,,,,
293,Panpour,Simipour,,,,,,,,,,,,,,,,,,,,,,,,,,,,,,,,,,
294,Munna,Musharna,,,,,,,,,,,,,,,,,,,,,,,,,,,,,,,,,,
295,Pidove,Tranquill,Unfezant,Festive Pidove,Lovebird Unfezant,,,,,,,,,,,,,,,,,,,,,,,,,,,,,,,
296,Blitzle,Zebstrika,,,,,,,,,,,,,,,,,,,,,,,,,,,,,,,,,,
297,Roggenrola,Boldore,Gigalith,Sage of Snaring,,,,,,,,,,,,,,,,,,,,,,,,,,,,,,,,
298,Woobat,Swoobat,Cloubat,,,,,,,,,,,,,,,,,,,,,,,,,,,,,,,,,
299,Drilbur,Excadrill,,,,,,,,,,,,,,,,,,,,,,,,,,,,,,,,,,
300,Audino,Mega Audino,Elf Audino,,,,,,,,,,,,,,,,,,,,,,,,,,,,,,,,,
301,Timburr,Gurdurr,Conkeldurr,Timber Timburr,,,,,,,,,,,,,,,,,,,,,,,,,,,,,,,,
302,Tympole,Palpitoad,Seismitoad,,,,,,,,,,,,,,,,,,,,,,,,,,,,,,,,,
303,Throh,,,,,,,,,,,,,,,,,,,,,,,,,,,,,,,,,,,
304,Sawk,,,,,,,,,,,,,,,,,,,,,,,,,,,,,,,,,,,
305,Sewaddle,Swadloon,Leavanny,Leavanette,,,,,,,,,,,,,,,,,,,,,,,,,,,,,,,,
306,Venipede,Whirlipede,Scolipede,,,,,,,,,,,,,,,,,,,,,,,,,,,,,,,,,
307,Cottonee,Whimsicott,Cherry Blossom Cottonee,,,,,,,,,,,,,,,,,,,,,,,,,,,,,,,,,
308,Petilil,Hisuian Lilligant,Lilligant,La Catrina Hisuian Lilligant,Poinsettia Lilligant,,,,,,,,,,,,,,,,,,,,,,,,,,,,,,,
309,Basculin,Blue-Striped Basculin,,,,,,,,,,,,,,,,,,,,,,,,,,,,,,,,,,
310,Blue-Striped Basculin,White-Striped Basculin,Basculegion,,,,,,,,,,,,,,,,,,,,,,,,,,,,,,,,,
311,White-Striped Basculin,Basculegion,,,,,,,,,,,,,,,,,,,,,,,,,,,,,,,,,,
312,Sandile,Krokorok,Krookodile,,,,,,,,,,,,,,,,,,,,,,,,,,,,,,,,,
313,Darumaka,Galarian Darumaka,Darmanitan,Galarian Darmanitan,Galarian Zen Darmanitan,Zen Darmanitan,,,,,,,,,,,,,,,,,,,,,,,,,,,,,,
314,Maractus,,,,,,,,,,,,,,,,,,,,,,,,,,,,,,,,,,,
315,Dwebble,Crustle,,,,,,,,,,,,,,,,,,,,,,,,,,,,,,,,,,
316,Scraggy,Scrafty,,,,,,,,,,,,,,,,,,,,,,,,,,,,,,,,,,
317,Sigilyph,,,,,,,,,,,,,,,,,,,,,,,,,,,,,,,,,,,
318,Galarian Yamask,Yamask,Cofagrigus,Runerigus,Honoring Yamask,,,,,,,,,,,,,,,,,,,,,,,,,,,,,,,
319,Tirtouga,Carracosta,,,,,,,,,,,,,,,,,,,,,,,,,,,,,,,,,,
320,Archen,Archeops,,,,,,,,,,,,,,,,,,,,,,,,,,,,,,,,,,
321,Trubbish,Garbodor,Gigantamax Garbodor,,,,,,,,,,,,,,,,,,,,,,,,,,,,,,,,,
322,Hisuian Zorua,Zorua,Hisuian Zoroark,Zoroark,Santa H. Zorua,Foroark,,,,,,,,,,,,,,,,,,,,,,,,,,,,,,
323,Minccino,Cinccino,Pyjama Minccino,,,,,,,,,,,,,,,,,,,,,,,,,,,,,,,,,
324,Gothita,Gothorita,Gothitelle,Pumpkin Gothorita,Monarch Gothitelle,,,,,,,,,,,,,,,,,,,,,,,,,,,,,,,
325,Solosis,Duosion,Reuniclus,,,,,,,,,,,,,,,,,,,,,,,,,,,,,,,,,
326,Ducklett,Swanna,Baby Ducklett,Waterpolo Ducklett,Festive Swanna,Flower Family Swanna,,,,,,,,,,,,,,,,,,,,,,,,,,,,,,
327,Vanillite,Vanillish,Vanilluxe,,,,,,,,,,,,,,,,,,,,,,,,,,,,,,,,,
328,Autumn Deerling,Autumn Sawsbuck,,,,,,,,,,,,,,,,,,,,,,,,,,,,,,,,,,
329,Deerling,Sawsbuck,Summer Deerling,Summer Sawsbuck,Winter Deerling,Winter Sawsbuck,Reindeer Deerling,Winter Event Sawsbuck,,,,,,,,,,,,,,,,,,,,,,,,,,,,
330,Summer Deerling,Summer Sawsbuck,,,,,,,,,,,,,,,,,,,,,,,,,,,,,,,,,,
331,Winter Deerling,Winter Sawsbuck,,,,,,,,,,,,,,,,,,,,,,,,,,,,,,,,,,
332,Emolga,,,,,,,,,,,,,,,,,,,,,,,,,,,,,,,,,,,
333,Karrablast,Escavalier,,,,,,,,,,,,,,,,,,,,,,,,,,,,,,,,,,
334,Foongus,Amoonguss,Foombrella,,,,,,,,,,,,,,,,,,,,,,,,,,,,,,,,,
335,Frillish,Jellicent,,,,,,,,,,,,,,,,,,,,,,,,,,,,,,,,,,
336,Alomomola,,,,,,,,,,,,,,,,,,,,,,,,,,,,,,,,,,,
337,Joltik,Galvantula,,,,,,,,,,,,,,,,,,,,,,,,,,,,,,,,,,
338,Ferroseed,Ferrothorn,,,,,,,,,,,,,,,,,,,,,,,,,,,,,,,,,,
339,Klink,Klang,Klinklang,,,,,,,,,,,,,,,,,,,,,,,,,,,,,,,,,
340,Tynamo,Eelektrik,Eelektross,,,,,,,,,,,,,,,,,,,,,,,,,,,,,,,,,
341,Elgyem,Beheeyem,,,,,,,,,,,,,,,,,,,,,,,,,,,,,,,,,,
342,Litwick,Lampent,Chandelure,Paper Lantern Lampent,Jack-O-Lantern Chandelure,,,,,,,,,,,,,,,,,,,,,,,,,,,,,,,
343,Axew,Fraxure,Haxorus,,,,,,,,,,,,,,,,,,,,,,,,,,,,,,,,,
344,Cubchoo,Beartic,Spring Fever Cubchoo,,,,,,,,,,,,,,,,,,,,,,,,,,,,,,,,,
345,Cryogonal,,,,,,,,,,,,,,,,,,,,,,,,,,,,,,,,,,,
346,Shelmet,Accelgor,,,,,,,,,,,,,,,,,,,,,,,,,,,,,,,,,,
347,Galarian Stunfisk,Stunfisk,,,,,,,,,,,,,,,,,,,,,,,,,,,,,,,,,,
348,Mienfoo,Mienshao,,,,,,,,,,,,,,,,,,,,,,,,,,,,,,,,,,
349,Druddigon,,,,,,,,,,,,,,,,,,,,,,,,,,,,,,,,,,,
350,Golett,Golurk,Hero Golurk,Ruined Golurk,,,,,,,,,,,,,,,,,,,,,,,,,,,,,,,,
351,Pawniard,Bisharp,Kingambit,,,,,,,,,,,,,,,,,,,,,,,,,,,,,,,,,
352,Bouffalant,Minotaur Bouffalant,,,,,,,,,,,,,,,,,,,,,,,,,,,,,,,,,,
353,Rufflet,Braviary,Hisuian Braviary,Pride Rufflet,,,,,,,,,,,,,,,,,,,,,,,,,,,,,,,,
354,Vullaby,Mandibuzz,,,,,,,,,,,,,,,,,,,,,,,,,,,,,,,,,,
355,Heatmor,,,,,,,,,,,,,,,,,,,,,,,,,,,,,,,,,,,
356,Durant,,,,,,,,,,,,,,,,,,,,,,,,,,,,,,,,,,,
357,Deino,Zweilous,Hydreigon,,,,,,,,,,,,,,,,,,,,,,,,,,,,,,,,,
358,Larvesta,Volcarona,Crystal Larvesta,,,,,,,,,,,,,,,,,,,,,,,,,,,,,,,,,
359,Cobalion,,,,,,,,,,,,,,,,,,,,,,,,,,,,,,,,,,,
360,Terrakion,,,,,,,,,,,,,,,,,,,,,,,,,,,,,,,,,,,
361,Virizion,,,,,,,,,,,,,,,,,,,,,,,,,,,,,,,,,,,
362,Therian Tornadus,Tornadus,,,,,,,,,,,,,,,,,,,,,,,,,,,,,,,,,,
363,Therian Thundurus,Thundurus,,,,,,,,,,,,,,,,,,,,,,,,,,,,,,,,,,
364,Reshiram,,,,,,,,,,,,,,,,,,,,,,,,,,,,,,,,,,,
365,Zekrom,,,,,,,,,,,,,,,,,,,,,,,,,,,,,,,,,,,
366,Landorus,Therian Landorus,,,,,,,,,,,,,,,,,,,,,,,,,,,,,,,,,,
367,Black Kyurem,Kyurem,White Kyurem,,,,,,,,,,,,,,,,,,,,,,,,,,,,,,,,,
368,Keldeo,Resolute Keldeo,,,,,,,,,,,,,,,,,,,,,,,,,,,,,,,,,,
369,Meloetta,Pirouette Meloetta,,,,,,,,,,,,,,,,,,,,,,,,,,,,,,,,,,
370,Genesect,High-speed Flight Configuration Genesect,,,,,,,,,,,,,,,,,,,,,,,,,,,,,,,,,,
371,Chespin,Quilladin,Chesnaught,Cooking Chespin,,,,,,,,,,,,,,,,,,,,,,,,,,,,,,,,
372,Fennekin,Braixen,Delphox,Sage of Flames,,,,,,,,,,,,,,,,,,,,,,,,,,,,,,,,
373,Froakie,Frogadier,Greninja,Toadsie,Ash's Greninja,,,,,,,,,,,,,,,,,,,,,,,,,,,,,,,
374,Bunnelby,Diggersby,Nibbling Bunnelby,Bonnersby,,,,,,,,,,,,,,,,,,,,,,,,,,,,,,,,
375,Fletchling,Fletchinder,Talonflame,,,,,,,,,,,,,,,,,,,,,,,,,,,,,,,,,
376,Scatterbug,Spewpa,Archipelago Vivillon,Continental Vivillon,Elegant Vivillon,Fancy Vivillon,Garden Vivillon,High Plain Vivillon,Icy Snow Vivillon,Jungle Vivillon,Marine Vivillon,Modern Vivillon,Monsoon Vivillon,Ocean Vivillon,Poké Ball Vivillon,Polar Vivillon,River Vivillon,Sandstorm Vivillon,Savanna Vivillon,Sun Vivillon,Tundra Vivillon,Vivillon,,,,,,,,,,,,,,
377,Litleo,Pyroar,Lion Dancer Litleo,Alebrije Pyroar,,,,,,,,,,,,,,,,,,,,,,,,,,,,,,,,
378,Blue Flower Flabébé,Blue Flower Floette,Blue Flower Florges,,,,,,,,,,,,,,,,,,,,,,,,,,,,,,,,,
379,Flabébé,Floette,Florges,Orange Flower Flabébé,Orange Flower Floette,Orange Flower Florges,White Flower Flabébé,White Flower Floette,White Flower Florges,Yellow Flower Flabébé,Yellow Flower Floette,Yellow Flower Florges,Flower Fairy Flabébé,Eternal Flower Floette,,,,,,,,,,,,,,,,,,,,,,
380,Orange Flower Flabébé,Orange Flower Floette,Orange Flower Florges,,,,,,,,,,,,,,,,,,,,,,,,,,,,,,,,,
381,White Flower Flabébé,White Flower Floette,White Flower Florges,,,,,,,,,,,,,,,,,,,,,,,,,,,,,,,,,
382,Yellow Flower Flabébé,Yellow Flower Floette,Yellow Flower Florges,,,,,,,,,,,,,,,,,,,,,,,,,,,,,,,,,
383,Skiddo,Gogoat,Autumn Skiddo,,,,,,,,,,,,,,,,,,,,,,,,,,,,,,,,,
384,Pancham,Pangoro,Pacifier Pancham,,,,,,,,,,,,,,,,,,,,,,,,,,,,,,,,,
385,Dandy Trim Furfrou,Debutante Trim Furfrou,Diamond Trim Furfrou,Furfrou,Heart Trim Furfrou,Kabuki Trim Furfrou,La Reine Trim Furfrou,Matron Trim Furfrou,Pharaoh Trim Furfrou,Star Trim Furfrou,,,,,,,,,,,,,,,,,,,,,,,,,,
386,Espurr,Meowstic,Snoozing Meowstic,,,,,,,,,,,,,,,,,,,,,,,,,,,,,,,,,
387,Honedge,Doublade,Aegislash,Blade Aegislash,Cursed Blade Honedge,Fancy Cutlery Doublade,,,,,,,,,,,,,,,,,,,,,,,,,,,,,,
388,Spritzee,Aromatisse,,,,,,,,,,,,,,,,,,,,,,,,,,,,,,,,,,
389,Swirlix,Slurpuff,,,,,,,,,,,,,,,,,,,,,,,,,,,,,,,,,,
390,Inkay,Malamar,,,,,,,,,,,,,,,,,,,,,,,,,,,,,,,,,,
391,Binacle,Barbaracle,,,,,,,,,,,,,,,,,,,,,,,,,,,,,,,,,,
392,Skrelp,Dragalge,,,,,,,,,,,,,,,,,,,,,,,,,,,,,,,,,,
393,Clauncher,Clawitzer,,,,,,,,,,,,,,,,,,,,,,,,,,,,,,,,,,
394,Helioptile,Heliolisk,,,,,,,,,,,,,,,,,,,,,,,,,,,,,,,,,,
395,Tyrunt,Tyrantrum,,,,,,,,,,,,,,,,,,,,,,,,,,,,,,,,,,
396,Amaura,Aurorus,Snowy Amaura,,,,,,,,,,,,,,,,,,,,,,,,,,,,,,,,,
397,Hawlucha,,,,,,,,,,,,,,,,,,,,,,,,,,,,,,,,,,,
398,Dedenne,,,,,,,,,,,,,,,,,,,,,,,,,,,,,,,,,,,
399,Carbink,Halloween Carbink,,,,,,,,,,,,,,,,,,,,,,,,,,,,,,,,,,
400,Goomy,Hisuian Sliggoo,Sliggoo,Goodra,Hisuian Goodra,Goomy Brûlée,Muddy Goomy,,,,,,,,,,,,,,,,,,,,,,,,,,,,,
401,Klefki,Baby Toy Klefki,,,,,,,,,,,,,,,,,,,,,,,,,,,,,,,,,,
402,Phantump,Trevenant,,,,,,,,,,,,,,,,,,,,,,,,,,,,,,,,,,
403,Pumpkaboo,Gourgeist,Large Pumpkaboo,Pumpkaboo Spice Latte,Small Pumpkaboo,Super Pumpkaboo,Large Gourgeist,Small Gourgeist,Super Gourgeist,,,,,,,,,,,,,,,,,,,,,,,,,,,
404,Bergmite,Avalugg,Hisuian Avalugg,,,,,,,,,,,,,,,,,,,,,,,,,,,,,,,,,
405,Noibat,Noivern,,,,,,,,,,,,,,,,,,,,,,,,,,,,,,,,,,
406,Neutral Xerneas,Xerneas,Shadow Xerneas,,,,,,,,,,,,,,,,,,,,,,,,,,,,,,,,,
407,Yveltal,Ice Yveltal,,,,,,,,,,,,,,,,,,,,,,,,,,,,,,,,,,
408,10% Zygarde,,,,,,,,,,,,,,,,,,,,,,,,,,,,,,,,,,,
409,Complete Zygarde,,,,,,,,,,,,,,,,,,,,,,,,,,,,,,,,,,,
410,Zygarde,10% Zygarde,Complete Zygarde,Zygarde Cell,Zygarde Core,,,,,,,,,,,,,,,,,,,,,,,,,,,,,,,
411,Zygarde Cell,,,,,,,,,,,,,,,,,,,,,,,,,,,,,,,,,,,
412,Zygarde Core,,,,,,,,,,,,,,,,,,,,,,,,,,,,,,,,,,,
413,Diancie,Mega Diancie,Spring Blooming Diancie,,,,,,,,,,,,,,,,,,,,,,,,,,,,,,,,,
414,Hoopa,Hoopa Unbound,Festive Hoopa,,,,,,,,,,,,,,,,,,,,,,,,,,,,,,,,,
415,Volcanion,,,,,,,,,,,,,,,,,,,,,,,,,,,,,,,,,,,
416,Rowlet,Dartrix,Decidueye,Hisuian Decidueye,Christmas Rowlet,Cupid Decidueye,,,,,,,,,,,,,,,,,,,,,,,,,,,,,,
417,Litten,Torracat,Incineroar,,,,,,,,,,,,,,,,,,,,,,,,,,,,,,,,,
418,Popplio,Brionne,Primarina,,,,,,,,,,,,,,,,,,,,,,,,,,,,,,,,,
419,Pikipek,Trumbeak,Toucannon,Pride Toucannon,,,,,,,,,,,,,,,,,,,,,,,,,,,,,,,,
420,Yungoos,Gumshoos,,,,,,,,,,,,,,,,,,,,,,,,,,,,,,,,,,
421,Grubbin,Charjabug,Vikavolt,Camper Charjabug,,,,,,,,,,,,,,,,,,,,,,,,,,,,,,,,
422,Crabrawler,Crabominable,,,,,,,,,,,,,,,,,,,,,,,,,,,,,,,,,,
423,Oricorio,Pa'u Oricorio,Pom-pom Oricorio,Sensu Oricorio,Cheerleader Oricorio,,,,,,,,,,,,,,,,,,,,,,,,,,,,,,,
424,Cutiefly,Ribombee,Candy Corn Cutiefly,,,,,,,,,,,,,,,,,,,,,,,,,,,,,,,,,
425,Rockruff,Dusk Lycanroc,Lycanroc,Midnight Lycanroc,,,,,,,,,,,,,,,,,,,,,,,,,,,,,,,,
426,School Wishiwashi,Wishiwashi,,,,,,,,,,,,,,,,,,,,,,,,,,,,,,,,,,
427,Mareanie,Toxapex,,,,,,,,,,,,,,,,,,,,,,,,,,,,,,,,,,
428,Mudbray,Mudsdale,,,,,,,,,,,,,,,,,,,,,,,,,,,,,,,,,,
429,Dewpider,Araquanid,,,,,,,,,,,,,,,,,,,,,,,,,,,,,,,,,,
430,Fomantis,Lurantis,,,,,,,,,,,,,,,,,,,,,,,,,,,,,,,,,,
431,Morelull,Shiinotic,Halloween Morelull,Overgrown Shiinotic,,,,,,,,,,,,,,,,,,,,,,,,,,,,,,,,
432,Salandit,Salazzle,Fire Fairy Salandit,,,,,,,,,,,,,,,,,,,,,,,,,,,,,,,,,
433,Stufful,Bewear,Polar Stufful,Fazwear,,,,,,,,,,,,,,,,,,,,,,,,,,,,,,,,
434,Bounsweet,Steenee,Tsareena,Egg Searching Steenee,,,,,,,,,,,,,,,,,,,,,,,,,,,,,,,,
435,Comfey,Pride Comfey,Wreath Comfey,,,,,,,,,,,,,,,,,,,,,,,,,,,,,,,,,
436,Oranguru,,,,,,,,,,,,,,,,,,,,,,,,,,,,,,,,,,,
437,Passimian,,,,,,,,,,,,,,,,,,,,,,,,,,,,,,,,,,,
438,Wimpod,Golisopod,,,,,,,,,,,,,,,,,,,,,,,,,,,,,,,,,,
439,Sandygast,Palossand,,,,,,,,,,,,,,,,,,,,,,,,,,,,,,,,,,
440,Pyukumuku,Lights Pyukumuku,,,,,,,,,,,,,,,,,,,,,,,,,,,,,,,,,,
441,Type: Null,Bug Silvally,Dark Silvally,Dragon Silvally,Electric Silvally,Fairy Silvally,Fighting Silvally,Fire Silvally,Flying Silvally,Ghost Silvally,Grass Silvally,Ground Silvally,Ice Silvally,Poison Silvally,Psychic Silvally,Rock Silvally,Silvally,Steel Silvally,Water Silvally,,,,,,,,,,,,,,,,,
442,Blue Core Minior,Blue Meteor Minior,Green Core Minior,Green Meteor Minior,Indigo Core Minior,Indigo Meteor Minior,Minior,Orange Core Minior,Orange Meteor Minior,Red Core Minior,Red Meteor Minior,Violet Core Minior,Violet Meteor Minior,Yellow Core Minior,Yellow Meteor Minior,Rainbow Minior,,,,,,,,,,,,,,,,,,,,
443,Komala,Presents Komala,,,,,,,,,,,,,,,,,,,,,,,,,,,,,,,,,,
444,Turtonator,,,,,,,,,,,,,,,,,,,,,,,,,,,,,,,,,,,
445,Togedemaru,Easter Togedemaru,,,,,,,,,,,,,,,,,,,,,,,,,,,,,,,,,,
446,Mimikyu,Busted Mimikyu,,,,,,,,,,,,,,,,,,,,,,,,,,,,,,,,,,
447,Bruxish,Pride Queen Bruxish,,,,,,,,,,,,,,,,,,,,,,,,,,,,,,,,,,
448,Drampa,,,,,,,,,,,,,,,,,,,,,,,,,,,,,,,,,,,
449,Dhelmise,,,,,,,,,,,,,,,,,,,,,,,,,,,,,,,,,,,
450,Jangmo-o,Hakamo-o,Kommo-o,,,,,,,,,,,,,,,,,,,,,,,,,,,,,,,,,
451,Tapu Koko,,,,,,,,,,,,,,,,,,,,,,,,,,,,,,,,,,,
452,Tapu Lele,,,,,,,,,,,,,,,,,,,,,,,,,,,,,,,,,,,
453,Tapu Bulu,,,,,,,,,,,,,,,,,,,,,,,,,,,,,,,,,,,
454,Tapu Fini,,,,,,,,,,,,,,,,,,,,,,,,,,,,,,,,,,,
455,Cosmog,Cosmoem,Solgaleo,Lunala,Fireworks Cosmog,,,,,,,,,,,,,,,,,,,,,,,,,,,,,,,
456,Nihilego,,,,,,,,,,,,,,,,,,,,,,,,,,,,,,,,,,,
457,Buzzwole,,,,,,,,,,,,,,,,,,,,,,,,,,,,,,,,,,,
458,Pheromosa,Flower Pheromosa,,,,,,,,,,,,,,,,,,,,,,,,,,,,,,,,,,
459,Xurkitree,,,,,,,,,,,,,,,,,,,,,,,,,,,,,,,,,,,
460,Celesteela,,,,,,,,,,,,,,,,,,,,,,,,,,,,,,,,,,,
461,Kartana,,,,,,,,,,,,,,,,,,,,,,,,,,,,,,,,,,,
462,Guzzlord,,,,,,,,,,,,,,,,,,,,,,,,,,,,,,,,,,,
463,Dawn Wings Necrozma,Dusk Mane Necrozma,Necrozma,Ultra Necrozma,,,,,,,,,,,,,,,,,,,,,,,,,,,,,,,,
464,Magearna,Original Magearna,,,,,,,,,,,,,,,,,,,,,,,,,,,,,,,,,,
465,Original Magearna,,,,,,,,,,,,,,,,,,,,,,,,,,,,,,,,,,,
466,Marshadow,Zenith Marshadow,,,,,,,,,,,,,,,,,,,,,,,,,,,,,,,,,,
467,Poipole,Naganadel,,,,,,,,,,,,,,,,,,,,,,,,,,,,,,,,,,
468,Stakataka,,,,,,,,,,,,,,,,,,,,,,,,,,,,,,,,,,,
469,Blacephalon,Corrupted Blacephalon,Ghost King Blacephalon,,,,,,,,,,,,,,,,,,,,,,,,,,,,,,,,,
470,Zeraora,,,,,,,,,,,,,,,,,,,,,,,,,,,,,,,,,,,
471,Meltan,Gigantamax Melmetal,Melmetal,,,,,,,,,,,,,,,,,,,,,,,,,,,,,,,,,
472,Grookey,Thwackey,Gigantamax Rillaboom,Rillaboom,,,,,,,,,,,,,,,,,,,,,,,,,,,,,,,,
473,Scorbunny,Raboot,Cinderace,Gigantamax Cinderace,Relay Race Raboot,,,,,,,,,,,,,,,,,,,,,,,,,,,,,,,
474,Sobble,Drizzile,Gigantamax Inteleon,Inteleon,Fencinteleon,,,,,,,,,,,,,,,,,,,,,,,,,,,,,,,
475,Skwovet,Greedent,Painted Acorn Skwovet,,,,,,,,,,,,,,,,,,,,,,,,,,,,,,,,,
476,Rookidee,Corvisquire,Corviknight,Gigantamax Corviknight,,,,,,,,,,,,,,,,,,,,,,,,,,,,,,,,
477,Blipbug,Dottler,Gigantamax Orbeetle,Orbeetle,,,,,,,,,,,,,,,,,,,,,,,,,,,,,,,,
478,Nickit,Thievul,,,,,,,,,,,,,,,,,,,,,,,,,,,,,,,,,,
479,Gossifleur,Eldegoss,Ornament Eldegoss,,,,,,,,,,,,,,,,,,,,,,,,,,,,,,,,,
480,Wooloo,Dubwool,Anniversary Wooloo,,,,,,,,,,,,,,,,,,,,,,,,,,,,,,,,,
481,Chewtle,Drednaw,Gigantamax Drednaw,,,,,,,,,,,,,,,,,,,,,,,,,,,,,,,,,
482,Yamper,Boltund,,,,,,,,,,,,,,,,,,,,,,,,,,,,,,,,,,
483,Rolycoly,Carkol,Coalossal,Gigantamax Coalossal,Coal Rolycoly,,,,,,,,,,,,,,,,,,,,,,,,,,,,,,,
484,Applin,Flapple,Gigantamax Flapple,Appletun,Gigantamax Appletun,Dipplin,Hydrapple,Strawberry Shortcake Applin,Pear Flapple,Cake Appletun,,,,,,,,,,,,,,,,,,,,,,,,,,
485,Silicobra,Gigantamax Sandaconda,Sandaconda,,,,,,,,,,,,,,,,,,,,,,,,,,,,,,,,,
486,Cramorant,Gorging Cramorant,Gulping Cramorant,,,,,,,,,,,,,,,,,,,,,,,,,,,,,,,,,
487,Gorging Cramorant,,,,,,,,,,,,,,,,,,,,,,,,,,,,,,,,,,,
488,Gulping Cramorant,,,,,,,,,,,,,,,,,,,,,,,,,,,,,,,,,,,
489,Arrokuda,Barraskewda,,,,,,,,,,,,,,,,,,,,,,,,,,,,,,,,,,
490,Toxel,Amped Toxtricity,Gigantamax Amped Toxtricity,Gigantamax Low Key Toxtricity,Low Key Toxtricity,Boxel,,,,,,,,,,,,,,,,,,,,,,,,,,,,,,
491,Sizzlipede,Centiskorch,Gigantamax Centiskorch,,,,,,,,,,,,,,,,,,,,,,,,,,,,,,,,,
492,Clobbopus,Grapploct,,,,,,,,,,,,,,,,,,,,,,,,,,,,,,,,,,
493,Sinistea,Polteageist,Choco Sinistea,Good Luck Sinistea,Kettle Polteageist,,,,,,,,,,,,,,,,,,,,,,,,,,,,,,,
494,Hatenna,Hattrem,Gigantamax Hatterene,Hatterene,,,,,,,,,,,,,,,,,,,,,,,,,,,,,,,,
495,Impidimp,Morgrem,Gigantamax Grimmsnarl,Grimmsnarl,Elf Impidimp,Grinchsnarl,,,,,,,,,,,,,,,,,,,,,,,,,,,,,,
496,Milcery,Alcremie,Gigantamax Alcremie,Vanilla Cream Berry Sweet Alcremie,Vanilla Cream Clover Sweet Alcremie,Vanilla Cream Flower Sweet Alcremie,Vanilla Cream Love Sweet Alcremie,Vanilla Cream Ribbon Sweet Alcremie,Vanilla Cream Star Sweet Alcremie,Choco Milcery,Cupcake Alcremie,,,,,,,,,,,,,,,,,,,,,,,,,
497,Falinks,Dango Falinks,,,,,,,,,,,,,,,,,,,,,,,,,,,,,,,,,,
498,Pincurchin,,,,,,,,,,,,,,,,,,,,,,,,,,,,,,,,,,,
499,Snom,Frosmoth,,,,,,,,,,,,,,,,,,,,,,,,,,,,,,,,,,
500,Stonjourner,,,,,,,,,,,,,,,,,,,,,,,,,,,,,,,,,,,
501,Eiscue,Noice Face Eiscue,Ice Present Eiscue,,,,,,,,,,,,,,,,,,,,,,,,,,,,,,,,,
502,Indeedee,,,,,,,,,,,,,,,,,,,,,,,,,,,,,,,,,,,
503,Hangry Morpeko,Morpeko,,,,,,,,,,,,,,,,,,,,,,,,,,,,,,,,,,
504,Cufant,Copperajah,Gigantamax Copperajah,,,,,,,,,,,,,,,,,,,,,,,,,,,,,,,,,
505,Dracozolt,,,,,,,,,,,,,,,,,,,,,,,,,,,,,,,,,,,
506,Arctozolt,,,,,,,,,,,,,,,,,,,,,,,,,,,,,,,,,,,
507,Dracovish,,,,,,,,,,,,,,,,,,,,,,,,,,,,,,,,,,,
508,Arctovish,,,,,,,,,,,,,,,,,,,,,,,,,,,,,,,,,,,
509,Duraludon,Gigantamax Duraludon,Archaludon,,,,,,,,,,,,,,,,,,,,,,,,,,,,,,,,,
510,Dreepy,Drakloak,Dragapult,,,,,,,,,,,,,,,,,,,,,,,,,,,,,,,,,
511,Crowned Zacian,Zacian,,,,,,,,,,,,,,,,,,,,,,,,,,,,,,,,,,
512,Crowned Zamazenta,Zamazenta,,,,,,,,,,,,,,,,,,,,,,,,,,,,,,,,,,
513,Eternamax Eternatus,Eternatus,,,,,,,,,,,,,,,,,,,,,,,,,,,,,,,,,,
514,Kubfu,Gigantamax Rapid Strike Urshifu,Rapid Strike Urshifu,Urshifu,Gigantamax Single Strike Urshifu,Single Strike Urshifu,,,,,,,,,,,,,,,,,,,,,,,,,,,,,,
515,Dada Zarude,,,,,,,,,,,,,,,,,,,,,,,,,,,,,,,,,,,
516,Zarude,Dada Zarude,Druid Zarude,,,,,,,,,,,,,,,,,,,,,,,,,,,,,,,,,
517,Regieleki,,,,,,,,,,,,,,,,,,,,,,,,,,,,,,,,,,,
518,Regidrago,,,,,,,,,,,,,,,,,,,,,,,,,,,,,,,,,,,
519,Glastrier,Primal Glastrier,,,,,,,,,,,,,,,,,,,,,,,,,,,,,,,,,,
520,Spectrier,,,,,,,,,,,,,,,,,,,,,,,,,,,,,,,,,,,
521,Calyrex,Ice Rider Calyrex,Shadow Rider Calyrex,,,,,,,,,,,,,,,,,,,,,,,,,,,,,,,,,
522,Enamorus,Therian Enamorus,,,,,,,,,,,,,,,,,,,,,,,,,,,,,,,,,,
523,Sprigatito,Floragato,Meowscarada,,,,,,,,,,,,,,,,,,,,,,,,,,,,,,,,,
524,Fuecoco,Crocalor,Skeledirge,Proud Crocalor,,,,,,,,,,,,,,,,,,,,,,,,,,,,,,,,
525,Quaxly,Quaxwell,Quaquaval,,,,,,,,,,,,,,,,,,,,,,,,,,,,,,,,,
526,Lechonk,Oinkologne,Egg Forager Lechonk,,,,,,,,,,,,,,,,,,,,,,,,,,,,,,,,,
527,Tarountula,Spidops,,,,,,,,,,,,,,,,,,,,,,,,,,,,,,,,,,
528,Nymble,Lokix,,,,,,,,,,,,,,,,,,,,,,,,,,,,,,,,,,
529,Pawmi,Pawmo,Pawmot,,,,,,,,,,,,,,,,,,,,,,,,,,,,,,,,,
530,Tandemaus,Family of Three Maushold,Maushold,Pride Tandemaus,Marshmallow Maushold,,,,,,,,,,,,,,,,,,,,,,,,,,,,,,,
531,Fidough,Dachsbun,Hearts Fidough,Autumn Dachsbun,,,,,,,,,,,,,,,,,,,,,,,,,,,,,,,,
532,Smoliv,Dolliv,Arboliva,Christmas Tree Smoliv,Christmas Tree Dolliv,Christmas Tree Arboliva,,,,,,,,,,,,,,,,,,,,,,,,,,,,,,
533,Blue Plumage Squawkabilly,,,,,,,,,,,,,,,,,,,,,,,,,,,,,,,,,,,
534,Squawkabilly,White Plumage Squawkabilly,Blue Plumage Squawkabilly,Yellow Plumage Squawkabilly,,,,,,,,,,,,,,,,,,,,,,,,,,,,,,,,
535,White Plumage Squawkabilly,,,,,,,,,,,,,,,,,,,,,,,,,,,,,,,,,,,
536,Yellow Plumage Squawkabilly,,,,,,,,,,,,,,,,,,,,,,,,,,,,,,,,,,,
537,Nacli,Naclstack,Garganacl,Mushroom Nacli,,,,,,,,,,,,,,,,,,,,,,,,,,,,,,,,
538,Charcadet,Armarouge,Ceruledge,,,,,,,,,,,,,,,,,,,,,,,,,,,,,,,,,
539,Tadbulb,Bellibolt,Onigiri Bellibolt,,,,,,,,,,,,,,,,,,,,,,,,,,,,,,,,,
540,Wattrel,Kilowattrel,,,,,,,,,,,,,,,,,,,,,,,,,,,,,,,,,,
541,Maschiff,Mabosstiff,,,,,,,,,,,,,,,,,,,,,,,,,,,,,,,,,,
542,Shroodle,Grafaiai,Raincoat Grafaiai,,,,,,,,,,,,,,,,,,,,,,,,,,,,,,,,,
543,Bramblin,Brambleghast,,,,,,,,,,,,,,,,,,,,,,,,,,,,,,,,,,
544,Toedscool,Toedscruel,,,,,,,,,,,,,,,,,,,,,,,,,,,,,,,,,,
545,Klawf,,,,,,,,,,,,,,,,,,,,,,,,,,,,,,,,,,,
546,Capsakid,Scovillain,,,,,,,,,,,,,,,,,,,,,,,,,,,,,,,,,,
547,Rellor,Rabsca,,,,,,,,,,,,,,,,,,,,,,,,,,,,,,,,,,
548,Flittle,Espathra,,,,,,,,,,,,,,,,,,,,,,,,,,,,,,,,,,
549,Tinkatink,Tinkatuff,Tinkaton,Pride Tinkaton,,,,,,,,,,,,,,,,,,,,,,,,,,,,,,,,
550,Wiglett,Wugtrio,Candy Cane Wiglett,,,,,,,,,,,,,,,,,,,,,,,,,,,,,,,,,
551,Bombirdier,Love Bombirdier,,,,,,,,,,,,,,,,,,,,,,,,,,,,,,,,,,
552,Finizen,Hero Palafin,Palafin,,,,,,,,,,,,,,,,,,,,,,,,,,,,,,,,,
553,Varoom,Revavroom,Train Varoom,,,,,,,,,,,,,,,,,,,,,,,,,,,,,,,,,
554,Battle Cyclizar,Cyclizar,Ride Cyclizar,,,,,,,,,,,,,,,,,,,,,,,,,,,,,,,,,
555,Orthworm,,,,,,,,,,,,,,,,,,,,,,,,,,,,,,,,,,,
556,Glimmet,Glimmora,,,,,,,,,,,,,,,,,,,,,,,,,,,,,,,,,,
557,Greavard,Houndstone,,,,,,,,,,,,,,,,,,,,,,,,,,,,,,,,,,
558,Flamigo,,,,,,,,,,,,,,,,,,,,,,,,,,,,,,,,,,,
559,Cetoddle,Cetitan,,,,,,,,,,,,,,,,,,,,,,,,,,,,,,,,,,
560,Veluza,,,,,,,,,,,,,,,,,,,,,,,,,,,,,,,,,,,
561,Dondozo,,,,,,,,,,,,,,,,,,,,,,,,,,,,,,,,,,,
562,Droopy Tatsugiri,,,,,,,,,,,,,,,,,,,,,,,,,,,,,,,,,,,
563,Stretchy Tatsugiri,,,,,,,,,,,,,,,,,,,,,,,,,,,,,,,,,,,
564,Tatsugiri,Droopy Tatsugiri,Stretchy Tatsugiri,,,,,,,,,,,,,,,,,,,,,,,,,,,,,,,,,
565,Great Tusk,,,,,,,,,,,,,,,,,,,,,,,,,,,,,,,,,,,
566,Scream Tail,,,,,,,,,,,,,,,,,,,,,,,,,,,,,,,,,,,
567,Brute Bonnet,,,,,,,,,,,,,,,,,,,,,,,,,,,,,,,,,,,
568,Flutter Mane,,,,,,,,,,,,,,,,,,,,,,,,,,,,,,,,,,,
569,Slither Wing,,,,,,,,,,,,,,,,,,,,,,,,,,,,,,,,,,,
570,Sandy Shocks,,,,,,,,,,,,,,,,,,,,,,,,,,,,,,,,,,,
571,Iron Treads,,,,,,,,,,,,,,,,,,,,,,,,,,,,,,,,,,,
572,Iron Bundle,,,,,,,,,,,,,,,,,,,,,,,,,,,,,,,,,,,
573,Iron Hands,,,,,,,,,,,,,,,,,,,,,,,,,,,,,,,,,,,
574,Iron Jugulis,,,,,,,,,,,,,,,,,,,,,,,,,,,,,,,,,,,
575,Iron Moth,,,,,,,,,,,,,,,,,,,,,,,,,,,,,,,,,,,
576,Iron Thorns,,,,,,,,,,,,,,,,,,,,,,,,,,,,,,,,,,,
577,Frigibax,Arctibax,Baxcalibur,,,,,,,,,,,,,,,,,,,,,,,,,,,,,,,,,
578,Gimmighoul,Roaming Gimmighoul,Gholdengo,Gingerbread Gimmighoul,,,,,,,,,,,,,,,,,,,,,,,,,,,,,,,,
579,Wo-Chien,,,,,,,,,,,,,,,,,,,,,,,,,,,,,,,,,,,
580,Chien-Pao,,,,,,,,,,,,,,,,,,,,,,,,,,,,,,,,,,,
581,Ting-Lu,,,,,,,,,,,,,,,,,,,,,,,,,,,,,,,,,,,
582,Chi-Yu,Gradient Chi-Yu,,,,,,,,,,,,,,,,,,,,,,,,,,,,,,,,,,
583,Roaring Moon,,,,,,,,,,,,,,,,,,,,,,,,,,,,,,,,,,,
584,Iron Valiant,,,,,,,,,,,,,,,,,,,,,,,,,,,,,,,,,,,
585,Gliding Build Koraidon,Koraidon,Sprinting Build Koraidon,,,,,,,,,,,,,,,,,,,,,,,,,,,,,,,,,
586,Drive Mode Miraidon,Glide Mode Miraidon,Miraidon,,,,,,,,,,,,,,,,,,,,,,,,,,,,,,,,,
587,Walking Wake,,,,,,,,,,,,,,,,,,,,,,,,,,,,,,,,,,,
588,Iron Leaves,,,,,,,,,,,,,,,,,,,,,,,,,,,,,,,,,,,
589,Poltchageist,Sinistcha,,,,,,,,,,,,,,,,,,,,,,,,,,,,,,,,,,
590,Okidogi,,,,,,,,,,,,,,,,,,,,,,,,,,,,,,,,,,,
591,Munkidori,,,,,,,,,,,,,,,,,,,,,,,,,,,,,,,,,,,
592,Fezandipiti,,,,,,,,,,,,,,,,,,,,,,,,,,,,,,,,,,,
593,Cornerstone Mask Ogerpon,Hearthflame Mask Ogerpon,Ogerpon,Wellspring Mask Ogerpon,,,,,,,,,,,,,,,,,,,,,,,,,,,,,,,,
594,Gouging Fire,,,,,,,,,,,,,,,,,,,,,,,,,,,,,,,,,,,
595,Raging Bolt,,,,,,,,,,,,,,,,,,,,,,,,,,,,,,,,,,,
596,Iron Boulder,,,,,,,,,,,,,,,,,,,,,,,,,,,,,,,,,,,
597,Iron Crown,,,,,,,,,,,,,,,,,,,,,,,,,,,,,,,,,,,
598,Terapagos,Terastal Terapagos,,,,,,,,,,,,,,,,,,,,,,,,,,,,,,,,,,
599,Pecharunt,,,,,,,,,,,,,,,,,,,,,,,,,,,,,,,,,,,
600,Alolan Rattata,Alolan Raticate,,,,,,,,,,,,,,,,,,,,,,,,,,,,,,,,,,
601,Alolan Raichu,,,,,,,,,,,,,,,,,,,,,,,,,,,,,,,,,,,
602,Alolan Sandshrew,Alolan Sandslash,,,,,,,,,,,,,,,,,,,,,,,,,,,,,,,,,,
603,Alolan Vulpix,Alolan Ninetales,,,,,,,,,,,,,,,,,,,,,,,,,,,,,,,,,,
604,Alolan Diglett,Alolan Dugtrio,,,,,,,,,,,,,,,,,,,,,,,,,,,,,,,,,,
605,Alolan Meowth,Alolan Persian,,,,,,,,,,,,,,,,,,,,,,,,,,,,,,,,,,
606,Galarian Meowth,Perrserker,,,,,,,,,,,,,,,,,,,,,,,,,,,,,,,,,,
607,Hisuian Growlithe,Hisuian Arcanine,,,,,,,,,,,,,,,,,,,,,,,,,,,,,,,,,,
608,Alolan Geodude,Alolan Graveler,Alolan Golem,,,,,,,,,,,,,,,,,,,,,,,,,,,,,,,,,
609,Galarian Ponyta,Galarian Rapidash,,,,,,,,,,,,,,,,,,,,,,,,,,,,,,,,,,
610,Galarian Slowpoke,Galarian Slowbro,Galarian Slowking,,,,,,,,,,,,,,,,,,,,,,,,,,,,,,,,,
611,Galarian Farfetch'd,Sirfetch'd,,,,,,,,,,,,,,,,,,,,,,,,,,,,,,,,,,
612,Alolan Grimer,Alolan Muk,,,,,,,,,,,,,,,,,,,,,,,,,,,,,,,,,,
613,Hisuian Voltorb,Hisuian Electrode,,,,,,,,,,,,,,,,,,,,,,,,,,,,,,,,,,
614,Alolan Exeggutor,,,,,,,,,,,,,,,,,,,,,,,,,,,,,,,,,,,
615,Alolan Marowak,,,,,,,,,,,,,,,,,,,,,,,,,,,,,,,,,,,
616,Galarian Weezing,,,,,,,,,,,,,,,,,,,,,,,,,,,,,,,,,,,
617,Galarian Mr. Mime,Mr. Rime,,,,,,,,,,,,,,,,,,,,,,,,,,,,,,,,,,
618,Galarian Articuno,,,,,,,,,,,,,,,,,,,,,,,,,,,,,,,,,,,
619,Galarian Zapdos,,,,,,,,,,,,,,,,,,,,,,,,,,,,,,,,,,,
620,Galarian Moltres,,,,,,,,,,,,,,,,,,,,,,,,,,,,,,,,,,,
621,Hisuian Typhlosion,,,,,,,,,,,,,,,,,,,,,,,,,,,,,,,,,,,
622,Paldean Wooper,Clodsire,,,,,,,,,,,,,,,,,,,,,,,,,,,,,,,,,,
623,Hisuian Qwilfish,Overqwil,,,,,,,,,,,,,,,,,,,,,,,,,,,,,,,,,,
624,Hisuian Sneasel,Sneasler,,,,,,,,,,,,,,,,,,,,,,,,,,,,,,,,,,
625,Galarian Corsola,Cursola,,,,,,,,,,,,,,,,,,,,,,,,,,,,,,,,,,
626,Galarian Zigzagoon,Galarian Linoone,Obstagoon,,,,,,,,,,,,,,,,,,,,,,,,,,,,,,,,,
627,Hisuian Samurott,,,,,,,,,,,,,,,,,,,,,,,,,,,,,,,,,,,
628,Hisuian Lilligant,,,,,,,,,,,,,,,,,,,,,,,,,,,,,,,,,,,
629,Galarian Darumaka,Galarian Darmanitan,Galarian Zen Darmanitan,,,,,,,,,,,,,,,,,,,,,,,,,,,,,,,,,
630,Galarian Yamask,Runerigus,,,,,,,,,,,,,,,,,,,,,,,,,,,,,,,,,,
631,Hisuian Zorua,Hisuian Zoroark,,,,,,,,,,,,,,,,,,,,,,,,,,,,,,,,,,
632,Galarian Stunfisk,,,,,,,,,,,,,,,,,,,,,,,,,,,,,,,,,,,
633,Hisuian Braviary,,,,,,,,,,,,,,,,,,,,,,,,,,,,,,,,,,,
634,Hisuian Sliggoo,Hisuian Goodra,,,,,,,,,,,,,,,,,,,,,,,,,,,,,,,,,,
635,Hisuian Avalugg,,,,,,,,,,,,,,,,,,,,,,,,,,,,,,,,,,,
636,Hisuian Decidueye,,,,,,,,,,,,,,,,,,,,,,,,,,,,,,,,,,,
